{"peaks_per_second": 100.22727272727273, "count": 577777, "duration": 5764.668480725623, "sample_rate": 22050}